{
  "properties": {
    "connectionReferences": {
      "shared_commondataserviceforapps": {
        "runtimeSource": "embedded",
        "connection": {
          "connectionReferenceLogicalName": "new_sharedcommondataserviceforapps_11ae4"
        },
        "api": {
          "name": "shared_commondataserviceforapps"
        }
      },
      "shared_commondataserviceforapps_1": {
        "runtimeSource": "embedded",
        "connection": {
          "connectionReferenceLogicalName": "new_sharedcommondataserviceforapps_29694"
        },
        "api": {
          "name": "shared_commondataserviceforapps"
        }
      },
      "shared_approvals": {
        "runtimeSource": "invoker",
        "connection": {
          "connectionReferenceLogicalName": "new_sharedapprovals_bfd4a"
        },
        "api": {
          "name": "shared_approvals"
        }
      }
    },
    "definition": {
      "$schema": "https://schema.management.azure.com/providers/Microsoft.Logic/schemas/2016-06-01/workflowdefinition.json#",
      "contentVersion": "1.0.0.0",
      "parameters": {
        "$connections": {
          "defaultValue": {},
          "type": "Object"
        },
        "$authentication": {
          "defaultValue": {},
          "type": "SecureObject"
        }
      },
      "triggers": {
        "manual": {
          "metadata": {
            "operationMetadataId": "5194e3a9-8740-444e-a697-e5cc5323b645"
          },
          "type": "Request",
          "kind": "PowerApp",
          "inputs": {
            "schema": {
              "type": "object",
              "properties": {
                "SetOrderNumber_Value": {
                  "type": "string",
                  "description": "Enter initial value",
                  "x-ms-powerflows-param-ispartial": false
                },
                "SetLocations_Value": {
                  "type": "string",
                  "description": "Enter initial value",
                  "x-ms-powerflows-param-ispartial": false
                },
                "SetMaterial_Value": {
                  "type": "string",
                  "description": "Enter initial value",
                  "x-ms-powerflows-param-ispartial": false
                }
              },
              "required": [
                "SetOrderNumber_Value",
                "SetLocations_Value",
                "SetMaterial_Value"
              ]
            }
          }
        }
      },
      "actions": {
        "Set_OrderNumber": {
          "runAfter": {},
          "metadata": {
            "operationMetadataId": "cecfc3ae-3295-4d66-930a-79b849d15265"
          },
          "type": "InitializeVariable",
          "inputs": {
            "variables": [
              {
                "name": "OrderNumber",
                "type": "string",
                "value": "@{triggerBody()['SetOrderNumber_Value']}"
              }
            ]
          }
        },
        "Set_Locations": {
          "runAfter": {
            "Set_OrderNumber": [
              "Succeeded"
            ]
          },
          "metadata": {
            "operationMetadataId": "f7566db8-164b-4f5e-ba60-0aefac52d5f7"
          },
          "type": "InitializeVariable",
          "inputs": {
            "variables": [
              {
                "name": "Locations",
                "type": "string",
                "value": "@{triggerBody()['SetLocations_Value']}"
              }
            ]
          }
        },
        "Set_Material": {
          "runAfter": {
            "Set_Locations": [
              "Succeeded"
            ]
          },
          "metadata": {
            "operationMetadataId": "c8d8d684-33fd-4912-ae8e-55a84c5cee5b"
          },
          "type": "InitializeVariable",
          "inputs": {
            "variables": [
              {
                "name": "Material",
                "type": "string",
                "value": "@{triggerBody()['SetMaterial_Value']}"
              }
            ]
          }
        },
        "Look_for_Location_Row": {
          "runAfter": {
            "Set_Result": [
              "Succeeded"
            ]
          },
          "metadata": {
            "operationMetadataId": "a5f4d8ed-b464-42b9-a339-45f9cd2daa7c"
          },
          "type": "OpenApiConnection",
          "inputs": {
            "host": {
              "connectionName": "shared_commondataserviceforapps",
              "operationId": "ListRecords",
              "apiId": "/providers/Microsoft.PowerApps/apis/shared_commondataserviceforapps"
            },
            "parameters": {
              "entityName": "cr514_mpl_mm_locations",
              "$filter": "cr514_name eq '@{variables('Locations')}'"
            },
            "authentication": {
              "type": "Raw",
              "value": "@json(decodeBase64(triggerOutputs().headers['X-MS-APIM-Tokens']))['$ConnectionKey']"
            }
          }
        },
        "Get_Location_row_by_ID": {
          "runAfter": {
            "Look_for_Location_Row": [
              "Succeeded"
            ]
          },
          "metadata": {
            "operationMetadataId": "e3fb2a46-e055-44ef-bd92-98b89a3d7029"
          },
          "type": "OpenApiConnection",
          "inputs": {
            "host": {
              "connectionName": "shared_commondataserviceforapps",
              "operationId": "GetItem",
              "apiId": "/providers/Microsoft.PowerApps/apis/shared_commondataserviceforapps"
            },
            "parameters": {
              "entityName": "cr514_mpl_mm_locations",
              "recordId": "@first(outputs('Look_for_Location_Row')?['body/value'])?['cr514_mpl_mm_locationid']"
            },
            "authentication": {
              "type": "Raw",
              "value": "@json(decodeBase64(triggerOutputs().headers['X-MS-APIM-Tokens']))['$ConnectionKey']"
            }
          }
        },
        "Check_number_of_rows_with_this_location": {
          "runAfter": {
            "Get_Location_row_by_ID": [
              "Succeeded"
            ]
          },
          "metadata": {
            "operationMetadataId": "7d040b97-59a2-4acd-8331-47362fd7e46b"
          },
          "type": "OpenApiConnection",
          "inputs": {
            "host": {
              "connectionName": "shared_commondataserviceforapps_1",
              "operationId": "ListRecords",
              "apiId": "/providers/Microsoft.PowerApps/apis/shared_commondataserviceforapps"
            },
            "parameters": {
              "entityName": "cr514_mpl_mm_materials",
              "$filter": "_cr514_location_value eq '@{outputs('Get_Location_row_by_ID')?['body/cr514_mpl_mm_locationid']}'"
            },
            "authentication": {
              "type": "Raw",
              "value": "@json(decodeBase64(triggerOutputs().headers['X-MS-APIM-Tokens']))['$ConnectionKey']"
            }
          }
        },
        "Number_of_rows_with_this_Location": {
          "runAfter": {
            "Check_number_of_rows_with_this_location": [
              "Succeeded"
            ]
          },
          "metadata": {
            "operationMetadataId": "cd8078d6-09aa-45c1-8dbd-c20184407b1d"
          },
          "type": "Compose",
          "inputs": "@length(outputs('Check_number_of_rows_with_this_location')?['body/value'])"
        },
        "Set_Result": {
          "runAfter": {
            "Set_Material": [
              "Succeeded"
            ]
          },
          "metadata": {
            "operationMetadataId": "9a9ab7b4-ee29-4701-92a0-f2ecfd4e2e4b"
          },
          "type": "InitializeVariable",
          "inputs": {
            "variables": [
              {
                "name": "Result",
                "type": "string",
                "value": "Occupied"
              }
            ]
          }
        },
        "Condition": {
          "actions": {
            "Apply_to_each": {
              "foreach": "@outputs('Start_and_wait_for_an_approval')?['body/responses']",
              "actions": {
                "Condition_2": {
                  "actions": {
                    "Update_Order_Row_Status_to_Executed": {
                      "runAfter": {},
                      "metadata": {
                        "operationMetadataId": "14e88228-960a-4e34-8bbc-57dfae2bc44b"
                      },
                      "type": "OpenApiConnection",
                      "inputs": {
                        "host": {
                          "connectionName": "shared_commondataserviceforapps_1",
                          "operationId": "UpdateRecord",
                          "apiId": "/providers/Microsoft.PowerApps/apis/shared_commondataserviceforapps"
                        },
                        "parameters": {
                          "entityName": "cr514_mpl_mm_orders",
                          "recordId": "@outputs('Get_a_row_by_ID')?['body/cr514_mpl_mm_orderid']",
                          "item/cr514_status": "Executed"
                        },
                        "authentication": {
                          "type": "Raw",
                          "value": "@json(decodeBase64(triggerOutputs().headers['X-MS-APIM-Tokens']))['$ConnectionKey']"
                        }
                      }
                    }
                  },
                  "runAfter": {},
                  "expression": {
                    "equals": [
                      "@items('Apply_to_each')?['approverResponse']",
                      "Approve"
                    ]
                  },
                  "metadata": {
                    "operationMetadataId": "a5f23abe-407c-4ac4-b2e6-4d26e3d06898"
                  },
                  "type": "If"
                }
              },
              "runAfter": {
                "Start_and_wait_for_an_approval": [
                  "Succeeded"
                ]
              },
              "metadata": {
                "operationMetadataId": "8d9c924e-c011-42c6-9153-6843002a7a3a"
              },
              "type": "Foreach"
            },
            "Update_Row_Operation": {
              "actions": {
                "Look_for_Material_Row": {
                  "runAfter": {},
                  "metadata": {
                    "operationMetadataId": "9646f159-a754-4ecc-a264-53542bcd6202"
                  },
                  "type": "OpenApiConnection",
                  "inputs": {
                    "host": {
                      "connectionName": "shared_commondataserviceforapps",
                      "operationId": "ListRecords",
                      "apiId": "/providers/Microsoft.PowerApps/apis/shared_commondataserviceforapps"
                    },
                    "parameters": {
                      "entityName": "cr514_mpl_mm_materials",
                      "$filter": "cr514_name eq '@{variables('Material')}'"
                    },
                    "authentication": {
                      "type": "Raw",
                      "value": "@json(decodeBase64(triggerOutputs().headers['X-MS-APIM-Tokens']))['$ConnectionKey']"
                    }
                  }
                },
                "Get_Material_row_by_ID": {
                  "runAfter": {
                    "Look_for_Material_Row": [
                      "Succeeded"
                    ]
                  },
                  "metadata": {
                    "operationMetadataId": "967a4cad-fe4c-4329-8f18-847cf5189bc6"
                  },
                  "type": "OpenApiConnection",
                  "inputs": {
                    "host": {
                      "connectionName": "shared_commondataserviceforapps",
                      "operationId": "GetItem",
                      "apiId": "/providers/Microsoft.PowerApps/apis/shared_commondataserviceforapps"
                    },
                    "parameters": {
                      "entityName": "cr514_mpl_mm_materials",
                      "recordId": "@first(outputs('Look_for_Material_Row')?['body/value'])?['cr514_mpl_mm_materialid']"
                    },
                    "authentication": {
                      "type": "Raw",
                      "value": "@json(decodeBase64(triggerOutputs().headers['X-MS-APIM-Tokens']))['$ConnectionKey']"
                    }
                  }
                },
                "Update_Container_Location": {
                  "runAfter": {
                    "Get_Material_row_by_ID": [
                      "Succeeded"
                    ]
                  },
                  "metadata": {
                    "operationMetadataId": "7e9a2037-428a-4cb7-8ea9-2fc50731bcbb"
                  },
                  "type": "OpenApiConnection",
                  "inputs": {
                    "host": {
                      "connectionName": "shared_commondataserviceforapps",
                      "operationId": "UpdateRecord",
                      "apiId": "/providers/Microsoft.PowerApps/apis/shared_commondataserviceforapps"
                    },
                    "parameters": {
                      "entityName": "cr514_mpl_mm_materials",
                      "recordId": "@outputs('Get_Material_row_by_ID')?['body/cr514_mpl_mm_materialid']",
                      "item/cr514_Location@odata.bind": "/cr514_mpl_mm_locations(@{outputs('Get_Location_row_by_ID')?['body/cr514_mpl_mm_locationid']})"
                    },
                    "authentication": {
                      "type": "Raw",
                      "value": "@json(decodeBase64(triggerOutputs().headers['X-MS-APIM-Tokens']))['$ConnectionKey']"
                    }
                  }
                }
              },
              "runAfter": {},
              "metadata": {
                "operationMetadataId": "03e9ae09-3e91-43d4-ae0e-1c56bcd98845"
              },
              "type": "Scope"
            },
            "Start_and_wait_for_an_approval": {
              "runAfter": {
                "Respond_to_a_PowerApp_or_flow": [
                  "Succeeded"
                ]
              },
              "metadata": {
                "operationMetadataId": "45d7b0ca-6040-4195-ad58-25103c9cf81a"
              },
              "type": "OpenApiConnectionWebhook",
              "inputs": {
                "host": {
                  "connectionName": "shared_approvals",
                  "operationId": "StartAndWaitForAnApproval",
                  "apiId": "/providers/Microsoft.PowerApps/apis/shared_approvals"
                },
                "parameters": {
                  "approvalType": "Basic",
                  "WebhookApprovalCreationInput/title": "Movement order @{variables('OrderNumber')} : @{variables('Material')} material to @{variables('Locations')}location",
                  "WebhookApprovalCreationInput/assignedTo": "manuelportero@t8656.onmicrosoft.com;",
                  "WebhookApprovalCreationInput/itemLinkDescription": "Please confirm or reject the movement order.",
                  "WebhookApprovalCreationInput/enableNotifications": true,
                  "WebhookApprovalCreationInput/enableReassignment": true
                },
                "authentication": {
                  "type": "Raw",
                  "value": "@json(decodeBase64(triggerOutputs().headers['X-MS-APIM-Tokens']))['$ConnectionKey']"
                }
              }
            },
            "Get_order_number": {
              "runAfter": {
                "Update_Row_Operation": [
                  "Succeeded"
                ]
              },
              "metadata": {
                "operationMetadataId": "f7977295-0cd5-4088-8629-71aa7eadd632"
              },
              "type": "OpenApiConnection",
              "inputs": {
                "host": {
                  "connectionName": "shared_commondataserviceforapps_1",
                  "operationId": "ListRecords",
                  "apiId": "/providers/Microsoft.PowerApps/apis/shared_commondataserviceforapps"
                },
                "parameters": {
                  "entityName": "cr514_mpl_mm_orders",
                  "$filter": "cr514_code eq '@{variables('OrderNumber')}'"
                },
                "authentication": {
                  "type": "Raw",
                  "value": "@json(decodeBase64(triggerOutputs().headers['X-MS-APIM-Tokens']))['$ConnectionKey']"
                }
              }
            },
            "Get_a_row_by_ID": {
              "runAfter": {
                "Get_order_number": [
                  "Succeeded"
                ]
              },
              "metadata": {
                "operationMetadataId": "b451aed1-8f25-4b1d-8bf1-46445734e2aa"
              },
              "type": "OpenApiConnection",
              "inputs": {
                "host": {
                  "connectionName": "shared_commondataserviceforapps_1",
                  "operationId": "GetItem",
                  "apiId": "/providers/Microsoft.PowerApps/apis/shared_commondataserviceforapps"
                },
                "parameters": {
                  "entityName": "cr514_mpl_mm_orders",
                  "recordId": "@first(outputs('Get_order_number')?['body/value'])?['cr514_mpl_mm_orderid']"
                },
                "authentication": {
                  "type": "Raw",
                  "value": "@json(decodeBase64(triggerOutputs().headers['X-MS-APIM-Tokens']))['$ConnectionKey']"
                }
              }
            },
            "Update_Row_Status_to_Requested": {
              "runAfter": {
                "Get_a_row_by_ID": [
                  "Succeeded"
                ]
              },
              "metadata": {
                "operationMetadataId": "01810e7f-ea96-42b0-a7bb-85080e7f2f0b"
              },
              "type": "OpenApiConnection",
              "inputs": {
                "host": {
                  "connectionName": "shared_commondataserviceforapps_1",
                  "operationId": "UpdateRecord",
                  "apiId": "/providers/Microsoft.PowerApps/apis/shared_commondataserviceforapps"
                },
                "parameters": {
                  "entityName": "cr514_mpl_mm_orders",
                  "recordId": "@outputs('Get_a_row_by_ID')?['body/cr514_mpl_mm_orderid']",
                  "item/cr514_status": "Requested"
                },
                "authentication": {
                  "type": "Raw",
                  "value": "@json(decodeBase64(triggerOutputs().headers['X-MS-APIM-Tokens']))['$ConnectionKey']"
                }
              }
            },
            "Respond_to_a_PowerApp_or_flow": {
              "runAfter": {
                "Reset_Result": [
                  "Succeeded"
                ]
              },
              "metadata": {
                "operationMetadataId": "1d112f08-4a64-42be-8c71-e575fdc62999"
              },
              "type": "Response",
              "kind": "PowerApp",
              "inputs": {
                "statusCode": 200,
                "body": {
                  "result": "@variables('Result')"
                },
                "schema": {
                  "type": "object",
                  "properties": {
                    "result": {
                      "title": "Result",
                      "x-ms-dynamically-added": true,
                      "type": "string"
                    }
                  }
                }
              }
            },
            "Reset_Result": {
              "runAfter": {
                "Update_Row_Status_to_Requested": [
                  "Succeeded"
                ]
              },
              "metadata": {
                "operationMetadataId": "3eec3eec-7927-4edd-9c2d-b1122be91d52"
              },
              "type": "SetVariable",
              "inputs": {
                "name": "Result",
                "value": "Free"
              }
            }
          },
          "runAfter": {
            "Number_of_rows_with_this_Location": [
              "Succeeded"
            ]
          },
          "expression": {
            "equals": [
              "@outputs('Number_of_rows_with_this_Location')",
              0
            ]
          },
          "metadata": {
            "operationMetadataId": "e99aab3a-d63f-4958-af7d-927f33276891"
          },
          "type": "If"
        }
      }
    },
    "templateName": ""
  },
  "schemaVersion": "1.0.0.0"
}