{
  "properties": {
    "connectionReferences": {
      "shared_commondataserviceforapps": {
        "runtimeSource": "embedded",
        "connection": {
          "connectionReferenceLogicalName": "new_sharedcommondataserviceforapps_29694"
        },
        "api": {
          "name": "shared_commondataserviceforapps"
        }
      },
      "shared_office365": {
        "runtimeSource": "embedded",
        "connection": {
          "connectionReferenceLogicalName": "new_sharedoffice365_150da"
        },
        "api": {
          "name": "shared_office365"
        }
      }
    },
    "definition": {
      "$schema": "https://schema.management.azure.com/providers/Microsoft.Logic/schemas/2016-06-01/workflowdefinition.json#",
      "contentVersion": "1.0.0.0",
      "parameters": {
        "$connections": {
          "defaultValue": {},
          "type": "Object"
        },
        "$authentication": {
          "defaultValue": {},
          "type": "SecureObject"
        }
      },
      "triggers": {
        "Recurrence": {
          "recurrence": {
            "frequency": "Week",
            "interval": 1,
            "schedule": {
              "weekDays": [
                "Sunday"
              ],
              "hours": [
                "0"
              ]
            }
          },
          "metadata": {
            "operationMetadataId": "1a243dfb-c6fa-4ade-943a-c2cd95d798d5"
          },
          "type": "Recurrence"
        }
      },
      "actions": {
        "Copy_Data_in_Historic_Table": {
          "actions": {
            "List_rows_from_Materials_Table": {
              "runAfter": {},
              "metadata": {
                "operationMetadataId": "b0e48040-c5c6-4189-a895-574deffe7862"
              },
              "type": "OpenApiConnection",
              "inputs": {
                "host": {
                  "connectionName": "shared_commondataserviceforapps",
                  "operationId": "ListRecords",
                  "apiId": "/providers/Microsoft.PowerApps/apis/shared_commondataserviceforapps"
                },
                "parameters": {
                  "entityName": "cr514_mpl_mm_materials"
                },
                "authentication": "@parameters('$authentication')"
              }
            },
            "Copy_Each_row_to_Materials_Historic_Table": {
              "foreach": "@outputs('List_rows_from_Materials_Table')?['body/value']",
              "actions": {
                "Check_if_the_row_is_present_in_Historic_Materials": {
                  "runAfter": {},
                  "metadata": {
                    "operationMetadataId": "a8d8504e-2738-48e3-8945-2f6d4f1956d9"
                  },
                  "type": "OpenApiConnection",
                  "inputs": {
                    "host": {
                      "connectionName": "shared_commondataserviceforapps",
                      "operationId": "ListRecords",
                      "apiId": "/providers/Microsoft.PowerApps/apis/shared_commondataserviceforapps"
                    },
                    "parameters": {
                      "entityName": "mpl_mpl_mm_materials_historics",
                      "$filter": "mpl_code eq '@{items('Copy_Each_row_to_Materials_Historic_Table')?['cr514_code']}'"
                    },
                    "authentication": "@parameters('$authentication')"
                  }
                },
                "Get_Check_row_in_Historic_Data_length": {
                  "runAfter": {
                    "Check_if_the_row_is_present_in_Historic_Materials": [
                      "Succeeded"
                    ]
                  },
                  "metadata": {
                    "operationMetadataId": "0a280cca-ab6b-4cb4-990c-fe3f64cd50b4"
                  },
                  "type": "Compose",
                  "inputs": "@ length(outputs('Check_if_the_row_is_present_in_Historic_Materials')?['body/value'])"
                },
                "Condition_2": {
                  "actions": {
                    "Add_a_new_row": {
                      "runAfter": {},
                      "metadata": {
                        "operationMetadataId": "68b129a4-5187-45a0-82c7-f5b5462709b0"
                      },
                      "type": "OpenApiConnection",
                      "inputs": {
                        "host": {
                          "connectionName": "shared_commondataserviceforapps",
                          "operationId": "CreateRecord",
                          "apiId": "/providers/Microsoft.PowerApps/apis/shared_commondataserviceforapps"
                        },
                        "parameters": {
                          "entityName": "mpl_mpl_mm_materials_historics",
                          "item/mpl_code": "@items('Copy_Each_row_to_Materials_Historic_Table')?['cr514_code']",
                          "item/mpl_Characteristic@odata.bind": "@items('Copy_Each_row_to_Materials_Historic_Table')?['_cr514_characteristic_value']",
                          "item/mpl_Container@odata.bind": "@items('Copy_Each_row_to_Materials_Historic_Table')?['_cr514_container_value']",
                          "item/mpl_density": "@items('Copy_Each_row_to_Materials_Historic_Table')?['cr514_density']",
                          "item/mpl_description": "@items('Copy_Each_row_to_Materials_Historic_Table')?['cr514_description']",
                          "item/mpl_Distributor@odata.bind": "@items('Copy_Each_row_to_Materials_Historic_Table')?['_cr514_distributor_value']",
                          "item/mpl_Location@odata.bind": "@items('Copy_Each_row_to_Materials_Historic_Table')?['_cr514_location_value']",
                          "item/mpl_Manufacturer@odata.bind": "@items('Copy_Each_row_to_Materials_Historic_Table')?['_cr514_manufacturer_value']",
                          "item/mpl_name": "@items('Copy_Each_row_to_Materials_Historic_Table')?['cr514_name']"
                        },
                        "authentication": "@parameters('$authentication')"
                      }
                    }
                  },
                  "runAfter": {
                    "Get_Check_row_in_Historic_Data_length": [
                      "Succeeded"
                    ]
                  },
                  "expression": {
                    "equals": [
                      "@outputs('Get_Check_row_in_Historic_Data_length')",
                      0
                    ]
                  },
                  "metadata": {
                    "operationMetadataId": "98f80be1-cc84-489c-ba2c-b98b24c44e77"
                  },
                  "type": "If"
                }
              },
              "runAfter": {
                "List_rows_from_Materials_Table": [
                  "Succeeded"
                ]
              },
              "metadata": {
                "operationMetadataId": "e4ec417c-4156-47c4-a377-300b4b405ccc"
              },
              "type": "Foreach"
            }
          },
          "runAfter": {
            "Convert_time_zone": [
              "Succeeded"
            ]
          },
          "metadata": {
            "operationMetadataId": "717be14e-83e9-438d-bbb6-2c6d1b1bd41f"
          },
          "type": "Scope"
        },
        "Error_Handling_": {
          "actions": {
            "Send_an_email_(V2)": {
              "runAfter": {},
              "metadata": {
                "operationMetadataId": "a220cf24-9d89-4e28-8622-f360b3ee4ee4"
              },
              "type": "OpenApiConnection",
              "inputs": {
                "host": {
                  "connectionName": "shared_office365",
                  "operationId": "SendEmailV2",
                  "apiId": "/providers/Microsoft.PowerApps/apis/shared_office365"
                },
                "parameters": {
                  "emailMessage/To": "manuelportero@t8656.onmicrosoft.com",
                  "emailMessage/Subject": "Materials Table data refresh flow failed today",
                  "emailMessage/Body": "<p>Materials Table data refresh flow failed today at @{utcNow()}</p>",
                  "emailMessage/Importance": "Normal"
                },
                "authentication": "@parameters('$authentication')"
              }
            }
          },
          "runAfter": {
            "Copy_Data_in_Historic_Table": [
              "Succeeded"
            ]
          },
          "metadata": {
            "operationMetadataId": "e2079c05-6ccd-45ab-aee6-c0d5d3484286"
          },
          "type": "Scope"
        },
        "Current_time": {
          "runAfter": {},
          "metadata": {
            "operationMetadataId": "2f2a0ca2-46a2-49e8-a93e-461c1417bdb8"
          },
          "type": "Expression",
          "kind": "CurrentTime",
          "inputs": {}
        },
        "Convert_time_zone": {
          "runAfter": {
            "Current_time": [
              "Succeeded"
            ]
          },
          "metadata": {
            "operationMetadataId": "7baaf4aa-cdaf-4b98-bfab-a381c62be614"
          },
          "type": "Expression",
          "kind": "ConvertTimeZone",
          "inputs": {
            "baseTime": "@body('Current_time')",
            "formatString": "d",
            "sourceTimeZone": "UTC",
            "destinationTimeZone": "Romance Standard Time"
          }
        }
      },
      "outputs": {}
    },
    "templateName": ""
  },
  "schemaVersion": "1.0.0.0"
}