{
  "properties": {
    "connectionReferences": {
      "shared_commondataserviceforapps": {
        "runtimeSource": "embedded",
        "connection": {
          "connectionReferenceLogicalName": "new_sharedcommondataserviceforapps_29694"
        },
        "api": {
          "name": "shared_commondataserviceforapps"
        }
      },
      "shared_office365": {
        "runtimeSource": "embedded",
        "connection": {
          "connectionReferenceLogicalName": "new_sharedoffice365_150da"
        },
        "api": {
          "name": "shared_office365"
        }
      }
    },
    "definition": {
      "$schema": "https://schema.management.azure.com/providers/Microsoft.Logic/schemas/2016-06-01/workflowdefinition.json#",
      "contentVersion": "1.0.0.0",
      "parameters": {
        "$connections": {
          "defaultValue": {},
          "type": "Object"
        },
        "$authentication": {
          "defaultValue": {},
          "type": "SecureObject"
        }
      },
      "triggers": {
        "Recurrence": {
          "recurrence": {
            "frequency": "Week",
            "interval": 1,
            "schedule": {
              "weekDays": [
                "Sunday"
              ],
              "hours": [
                "0"
              ]
            }
          },
          "metadata": {
            "operationMetadataId": "1a243dfb-c6fa-4ade-943a-c2cd95d798d5"
          },
          "type": "Recurrence"
        }
      },
      "actions": {
        "Copy_Data_in_Historic_Table": {
          "actions": {
            "List_rows_from_Orders_Table": {
              "runAfter": {},
              "metadata": {
                "operationMetadataId": "b0e48040-c5c6-4189-a895-574deffe7862"
              },
              "type": "OpenApiConnection",
              "inputs": {
                "host": {
                  "connectionName": "shared_commondataserviceforapps",
                  "operationId": "ListRecords",
                  "apiId": "/providers/Microsoft.PowerApps/apis/shared_commondataserviceforapps"
                },
                "parameters": {
                  "entityName": "cr514_mpl_mm_orders"
                },
                "authentication": "@parameters('$authentication')"
              }
            },
            "Copy_Each_row_to_Orders_Historic_Table": {
              "foreach": "@outputs('List_rows_from_Orders_Table')?['body/value']",
              "actions": {
                "Add_a_new_row": {
                  "runAfter": {},
                  "metadata": {
                    "operationMetadataId": "68b129a4-5187-45a0-82c7-f5b5462709b0"
                  },
                  "type": "OpenApiConnection",
                  "inputs": {
                    "host": {
                      "connectionName": "shared_commondataserviceforapps",
                      "operationId": "CreateRecord",
                      "apiId": "/providers/Microsoft.PowerApps/apis/shared_commondataserviceforapps"
                    },
                    "parameters": {
                      "entityName": "mpl_mpl_mm_order_historics",
                      "item/mpl_code": "@items('Copy_Each_row_to_Orders_Historic_Table')?['cr514_code']",
                      "item/mpl_location": "@items('Copy_Each_row_to_Orders_Historic_Table')?['cr514_location']",
                      "item/mpl_material": "@items('Copy_Each_row_to_Orders_Historic_Table')?['cr514_material']"
                    },
                    "authentication": "@parameters('$authentication')"
                  }
                }
              },
              "runAfter": {
                "List_rows_from_Orders_Table": [
                  "Succeeded"
                ]
              },
              "metadata": {
                "operationMetadataId": "e4ec417c-4156-47c4-a377-300b4b405ccc"
              },
              "type": "Foreach"
            }
          },
          "runAfter": {},
          "metadata": {
            "operationMetadataId": "717be14e-83e9-438d-bbb6-2c6d1b1bd41f"
          },
          "type": "Scope"
        },
        "Delete_Data_In_Historic_Table": {
          "actions": {
            "List_rows_from_Orders_Table_2_": {
              "runAfter": {},
              "metadata": {
                "operationMetadataId": "1da09252-0522-4c34-a804-fc336a669b20"
              },
              "type": "OpenApiConnection",
              "inputs": {
                "host": {
                  "connectionName": "shared_commondataserviceforapps",
                  "operationId": "ListRecords",
                  "apiId": "/providers/Microsoft.PowerApps/apis/shared_commondataserviceforapps"
                },
                "parameters": {
                  "entityName": "cr514_mpl_mm_orders"
                },
                "authentication": "@parameters('$authentication')"
              }
            },
            "Delete_Each_Row_of_Orders_Table": {
              "foreach": "@outputs('List_rows_from_Orders_Table_2_')?['body/value']",
              "actions": {
                "Delete_a_row": {
                  "runAfter": {},
                  "metadata": {
                    "operationMetadataId": "2186ddb4-9ac7-4193-945c-c5f5231c297b"
                  },
                  "type": "OpenApiConnection",
                  "inputs": {
                    "host": {
                      "connectionName": "shared_commondataserviceforapps",
                      "operationId": "DeleteRecord",
                      "apiId": "/providers/Microsoft.PowerApps/apis/shared_commondataserviceforapps"
                    },
                    "parameters": {
                      "entityName": "cr514_mpl_mm_orders",
                      "recordId": "@items('Delete_Each_Row_of_Orders_Table')?['cr514_mpl_mm_orderid']"
                    },
                    "authentication": "@parameters('$authentication')"
                  }
                }
              },
              "runAfter": {
                "List_rows_from_Orders_Table_2_": [
                  "Succeeded"
                ]
              },
              "metadata": {
                "operationMetadataId": "62220846-492e-46a8-ac5c-c955aafecedd"
              },
              "type": "Foreach"
            }
          },
          "runAfter": {
            "Copy_Data_in_Historic_Table": [
              "Succeeded"
            ]
          },
          "metadata": {
            "operationMetadataId": "58c22824-b3bf-4930-8fd9-b96167cb2a9b"
          },
          "type": "Scope"
        },
        "Error_Handling_": {
          "actions": {
            "Send_an_email_(V2)": {
              "runAfter": {},
              "metadata": {
                "operationMetadataId": "a220cf24-9d89-4e28-8622-f360b3ee4ee4"
              },
              "type": "OpenApiConnection",
              "inputs": {
                "host": {
                  "connectionName": "shared_office365",
                  "operationId": "SendEmailV2",
                  "apiId": "/providers/Microsoft.PowerApps/apis/shared_office365"
                },
                "parameters": {
                  "emailMessage/To": "manuelportero@t8656.onmicrosoft.com",
                  "emailMessage/Subject": "Orders Table data refresh flow failed today",
                  "emailMessage/Body": "<p>Orders Table data refresh flow failed today at @{utcNow()}</p>",
                  "emailMessage/Importance": "Normal"
                },
                "authentication": "@parameters('$authentication')"
              }
            }
          },
          "runAfter": {
            "Delete_Data_In_Historic_Table": [
              "Failed",
              "Skipped",
              "TimedOut"
            ]
          },
          "metadata": {
            "operationMetadataId": "e2079c05-6ccd-45ab-aee6-c0d5d3484286"
          },
          "type": "Scope"
        }
      },
      "outputs": {}
    },
    "templateName": null
  },
  "schemaVersion": "1.0.0.0"
}