<ImportExportXml version="9.2.23051.240" SolutionPackageVersion="9.2" languagecode="3082" generatedBy="CrmLive" xmlns:xsi="http://www.w3.org/2001/XMLSchema-instance">
  <SolutionManifest>
    <UniqueName>WarehouseManagementSolution</UniqueName>
    <LocalizedNames>
      <LocalizedName description="Warehouse Management Solution" languagecode="3082" />
    </LocalizedNames>
    <Descriptions />
    <Version>1.0.0.1</Version>
    <Managed>0</Managed>
    <Publisher>
      <UniqueName>ManuelPortero</UniqueName>
      <LocalizedNames>
        <LocalizedName description="ManuelPortero" languagecode="3082" />
      </LocalizedNames>
      <Descriptions>
        <Description description="Model Driven App developed by Manuel Portero Leiva" languagecode="3082" />
      </Descriptions>
      <EMailAddress xsi:nil="true"></EMailAddress>
      <SupportingWebsiteUrl xsi:nil="true"></SupportingWebsiteUrl>
      <CustomizationPrefix>mpl</CustomizationPrefix>
      <CustomizationOptionValuePrefix>86553</CustomizationOptionValuePrefix>
      <Addresses>
        <Address>
          <AddressNumber>1</AddressNumber>
          <AddressTypeCode>1</AddressTypeCode>
          <City xsi:nil="true"></City>
          <County xsi:nil="true"></County>
          <Country xsi:nil="true"></Country>
          <Fax xsi:nil="true"></Fax>
          <FreightTermsCode xsi:nil="true"></FreightTermsCode>
          <ImportSequenceNumber xsi:nil="true"></ImportSequenceNumber>
          <Latitude xsi:nil="true"></Latitude>
          <Line1 xsi:nil="true"></Line1>
          <Line2 xsi:nil="true"></Line2>
          <Line3 xsi:nil="true"></Line3>
          <Longitude xsi:nil="true"></Longitude>
          <Name xsi:nil="true"></Name>
          <PostalCode xsi:nil="true"></PostalCode>
          <PostOfficeBox xsi:nil="true"></PostOfficeBox>
          <PrimaryContactName xsi:nil="true"></PrimaryContactName>
          <ShippingMethodCode>1</ShippingMethodCode>
          <StateOrProvince xsi:nil="true"></StateOrProvince>
          <Telephone1 xsi:nil="true"></Telephone1>
          <Telephone2 xsi:nil="true"></Telephone2>
          <Telephone3 xsi:nil="true"></Telephone3>
          <TimeZoneRuleVersionNumber xsi:nil="true"></TimeZoneRuleVersionNumber>
          <UPSZone xsi:nil="true"></UPSZone>
          <UTCOffset xsi:nil="true"></UTCOffset>
          <UTCConversionTimeZoneCode xsi:nil="true"></UTCConversionTimeZoneCode>
        </Address>
        <Address>
          <AddressNumber>2</AddressNumber>
          <AddressTypeCode>1</AddressTypeCode>
          <City xsi:nil="true"></City>
          <County xsi:nil="true"></County>
          <Country xsi:nil="true"></Country>
          <Fax xsi:nil="true"></Fax>
          <FreightTermsCode xsi:nil="true"></FreightTermsCode>
          <ImportSequenceNumber xsi:nil="true"></ImportSequenceNumber>
          <Latitude xsi:nil="true"></Latitude>
          <Line1 xsi:nil="true"></Line1>
          <Line2 xsi:nil="true"></Line2>
          <Line3 xsi:nil="true"></Line3>
          <Longitude xsi:nil="true"></Longitude>
          <Name xsi:nil="true"></Name>
          <PostalCode xsi:nil="true"></PostalCode>
          <PostOfficeBox xsi:nil="true"></PostOfficeBox>
          <PrimaryContactName xsi:nil="true"></PrimaryContactName>
          <ShippingMethodCode>1</ShippingMethodCode>
          <StateOrProvince xsi:nil="true"></StateOrProvince>
          <Telephone1 xsi:nil="true"></Telephone1>
          <Telephone2 xsi:nil="true"></Telephone2>
          <Telephone3 xsi:nil="true"></Telephone3>
          <TimeZoneRuleVersionNumber xsi:nil="true"></TimeZoneRuleVersionNumber>
          <UPSZone xsi:nil="true"></UPSZone>
          <UTCOffset xsi:nil="true"></UTCOffset>
          <UTCConversionTimeZoneCode xsi:nil="true"></UTCConversionTimeZoneCode>
        </Address>
      </Addresses>
    </Publisher>
    <RootComponents>
      <RootComponent type="1" schemaName="cr514_mpl_mm_characteristic" behavior="0" />
      <RootComponent type="1" schemaName="cr514_mpl_mm_container" behavior="0" />
      <RootComponent type="1" schemaName="cr514_mpl_mm_distributor" behavior="0" />
      <RootComponent type="1" schemaName="cr514_mpl_mm_location" behavior="0" />
      <RootComponent type="1" schemaName="cr514_mpl_mm_manufacturer" behavior="0" />
      <RootComponent type="1" schemaName="cr514_mpl_mm_material" behavior="0" />
      <RootComponent type="1" schemaName="cr514_mpl_mm_order" behavior="0" />
      <RootComponent type="1" schemaName="mpl_mpl_mm_materials_historic" behavior="0" />
      <RootComponent type="1" schemaName="mpl_mpl_mm_order_historic" behavior="0" />
      <RootComponent type="29" id="{1563379f-41fd-ed11-8f6e-000d3a292a69}" behavior="0" />
      <RootComponent type="29" id="{8f70234b-c820-ed11-b83d-000d3abe11c2}" behavior="0" />
      <RootComponent type="29" id="{f62dd02b-41fd-ed11-8f6e-000d3a292a69}" behavior="0" />
      <RootComponent type="61" schemaName="mpl_Container" behavior="0" />
      <RootComponent type="61" schemaName="mpl_Container22" behavior="0" />
      <RootComponent type="61" schemaName="mpl_Container3" behavior="0" />
      <RootComponent type="62" schemaName="mpl_Material_Management_Model_Driven_App" behavior="0" />
      <RootComponent type="80" schemaName="mpl_Material_Management_Model_Driven_App" behavior="0" />
      <RootComponent type="300" schemaName="mpl_materialsmanagementphoneapp_b72bb" behavior="0" />
      <RootComponent type="300" schemaName="mpl_materialsmanagementtabletapp_d1e50" behavior="0" />
    </RootComponents>
    <MissingDependencies>
      <MissingDependency>
        <Required type="61" schemaName="AppCommon/ControlWS/HeaderIconImages/ServiceConfig.svg" displayName="AppCommon/ControlWS/HeaderIconImages/ServiceConfig.svg" solution="msdynce_AppCommonPatch (9.0.1904.4006)">
          <package>msdynce_AppCommonAnchor (9.0.23043.10005)</package>
        </Required>
        <Dependent type="62" schemaName="mpl_Material_Management_Model_Driven_App" />
      </MissingDependency>
      <MissingDependency>
        <Required type="61" schemaName="msdyncrm_/KnowledgeSearch/SelectContent.svg" displayName="msdyncrm_/KnowledgeSearch/SelectContent.svg" solution="msdynce_KnowledgeManagementFeatures (9.0.23051.5022)">
          <package>msdynce_KnowledgeManagementAnchor (9.0.23051.5022)</package>
        </Required>
        <Dependent type="62" schemaName="mpl_Material_Management_Model_Driven_App" />
      </MissingDependency>
      <MissingDependency>
        <Required type="61" schemaName="msfp_SurveyIcon_16" displayName="msfp_SurveyIcon_16" solution="MicrosoftFormsPro (2.0.0.42)">
          <package>MicrosoftFormsPro (2.0.0.42)</package>
        </Required>
        <Dependent type="62" schemaName="mpl_Material_Management_Model_Driven_App" />
      </MissingDependency>
      <MissingDependency>
        <Required type="61" schemaName="msfp_Unsubscribe_16" displayName="msfp_Unsubscribe_16" solution="MicrosoftFormsPro (2.0.0.42)">
          <package>MicrosoftFormsPro (2.0.0.42)</package>
        </Required>
        <Dependent type="62" schemaName="mpl_Material_Management_Model_Driven_App" />
      </MissingDependency>
      <MissingDependency>
        <Required type="connectionreference" displayName="new_sharedapprovals_bfd4a" solution="Active" id.connectionreferencelogicalname="new_sharedapprovals_bfd4a" />
        <Dependent type="29" displayName="mpl_mm_Container_Movement" id="{8f70234b-c820-ed11-b83d-000d3abe11c2}" />
      </MissingDependency>
      <MissingDependency>
        <Required type="connectionreference" displayName="new_sharedcommondataserviceforapps_11ae4" solution="Active" id.connectionreferencelogicalname="new_sharedcommondataserviceforapps_11ae4" />
        <Dependent type="29" displayName="mpl_mm_Container_Movement" id="{8f70234b-c820-ed11-b83d-000d3abe11c2}" />
      </MissingDependency>
      <MissingDependency>
        <Required type="connectionreference" displayName="new_sharedcommondataserviceforapps_29694" solution="Active" id.connectionreferencelogicalname="new_sharedcommondataserviceforapps_29694" />
        <Dependent type="29" displayName="mpl_mm_MaterialsDataRefresh" id="{1563379f-41fd-ed11-8f6e-000d3a292a69}" />
      </MissingDependency>
      <MissingDependency>
        <Required type="connectionreference" displayName="new_sharedcommondataserviceforapps_29694" solution="Active" id.connectionreferencelogicalname="new_sharedcommondataserviceforapps_29694" />
        <Dependent type="29" displayName="mpl_mm_Container_Movement" id="{8f70234b-c820-ed11-b83d-000d3abe11c2}" />
      </MissingDependency>
      <MissingDependency>
        <Required type="connectionreference" displayName="new_sharedcommondataserviceforapps_29694" solution="Active" id.connectionreferencelogicalname="new_sharedcommondataserviceforapps_29694" />
        <Dependent type="29" displayName="mpl_mm_OrdersDataRefresh" id="{f62dd02b-41fd-ed11-8f6e-000d3a292a69}" />
      </MissingDependency>
      <MissingDependency>
        <Required type="connectionreference" displayName="new_sharedoffice365_150da" solution="Active" id.connectionreferencelogicalname="new_sharedoffice365_150da" />
        <Dependent type="29" displayName="mpl_mm_MaterialsDataRefresh" id="{1563379f-41fd-ed11-8f6e-000d3a292a69}" />
      </MissingDependency>
      <MissingDependency>
        <Required type="connectionreference" displayName="new_sharedoffice365_150da" solution="Active" id.connectionreferencelogicalname="new_sharedoffice365_150da" />
        <Dependent type="29" displayName="mpl_mm_OrdersDataRefresh" id="{f62dd02b-41fd-ed11-8f6e-000d3a292a69}" />
      </MissingDependency>
    </MissingDependencies>
  </SolutionManifest>
</ImportExportXml>